feature,is_jev_feature,importance_gain
v14,False,0.28578252
v7,False,0.17398381
jev_stockout_severity_penalty,True,0.11981891
v30,False,0.06587646
cv_30,False,0.04784095
lag_1,False,0.041629527
jev_confidence,True,0.037755985
lag_7,False,0.02008357
sales_days_30,False,0.017704705
promo_days_30,False,0.016745236
lag_14,False,0.01672628
v90,False,0.016527846
days_since_stockout,False,0.014951283
lag_30,False,0.014884734
month,False,0.013226952
selling_price,False,0.012520822
current_stock,False,0.012307636
jev_replenishment_urgency,True,0.011720925
buy_box_7d,False,0.010169396
v14_vs_v30,False,0.009555961
amazon_sessions_momentum,False,0.0084851505
platform_cat,False,0.008477386
day_of_week,False,0.007774681
jev_channel_priority_score,True,0.0069006677
jev_promo_demand_lift,True,0.0057604634
in_stock_flag,False,0.0027881705
is_weekend,False,0.0
