Metric_Number,Metric_Name,Baseline_Model_A,Jev_Enhanced_Model_B,Absolute_Difference,Percentage_Difference
1,Total Demand Units,1665.0,1665.0,0.0,0.00% (Identical)
2,Fulfilled Demand Units,1561.7,1563.7,2.0,+0.13%
3,Service Level (%),93.8,93.92,0.12,+0.12 pts
4,Stockout Rate (%),2.86,2.38,-0.48,-0.48 pts
5,Stockout Events Count,12.0,10.0,-2.0,-16.67%
6,Total Units Ordered,2283.0,2281.0,-2.0,-0.09%
7,Purchase Order Count,57.0,58.0,1.0,+1.75%
8,Average Inventory Units,564.5,564.6,0.1,+0.02%
9,Days of Cover (DoC),81.9,82.0,0.1,+0.12%
10,Average Predicted ROP,33.25,32.84,-0.41,-1.23%
11,Reorder Frequency (Orders/Series/Day),0.0328,0.0334,0.0006,+1.83%
12,Quantile Pinball Loss (Lower is Better),2.7492,2.7439,-0.0053,-0.19%
13,Empirical Service Coverage (%),94.99,94.93,-0.06,-0.06 pts
