case_id,sku,platform,decision_date,stratum,decision_type,primitive,decision_output,confidence_score,cost_usd,model_version,status
CASE_01,RIM-MSC-ACCEL-BLK,Amazon,2026-09-10,1. High Velocity + Low Stock,urgent_replenishment,noul,0.79,1.0,9.785999999999999e-06,typesafe/jev-1.13-20260917,SUCCESS
CASE_01,RIM-MSC-ACCEL-BLK,Amazon,2026-09-10,1. High Velocity + Low Stock,replenishment_risk,score,1.72,0.58,9.785999999999999e-06,typesafe/jev-1.13-20260917,SUCCESS
CASE_01,RIM-MSC-ACCEL-BLK,Amazon,2026-09-10,1. High Velocity + Low Stock,replenishment_priority,choice,HIGH,0.87,9.785999999999999e-06,typesafe/jev-1.13-20260917,SUCCESS
CASE_02,RIM-SCD-EYE-002,Amazon,2026-09-10,1. High Velocity + Low Stock,urgent_replenishment,noul,0.95,1.0,9.785999999999999e-06,typesafe/jev-1.13-20260917,SUCCESS
CASE_02,RIM-SCD-EYE-002,Amazon,2026-09-10,1. High Velocity + Low Stock,replenishment_risk,score,High,1.0,9.785999999999999e-06,typesafe/jev-1.13-20260917,SUCCESS
CASE_02,RIM-SCD-EYE-002,Amazon,2026-09-10,1. High Velocity + Low Stock,replenishment_priority,choice,HIGH,1.0,9.785999999999999e-06,typesafe/jev-1.13-20260917,SUCCESS
CASE_03,RIM-MSC-ACCEL-BLK,eBay,2026-09-10,1. High Velocity + Low Stock,urgent_replenishment,noul,0.46,1.0,9.646e-06,typesafe/jev-1.13-20260917,SUCCESS
CASE_03,RIM-MSC-ACCEL-BLK,eBay,2026-09-10,1. High Velocity + Low Stock,replenishment_risk,score,1.37,0.4,9.646e-06,typesafe/jev-1.13-20260917,SUCCESS
CASE_03,RIM-MSC-ACCEL-BLK,eBay,2026-09-10,1. High Velocity + Low Stock,replenishment_priority,choice,MEDIUM,0.29,9.646e-06,typesafe/jev-1.13-20260917,SUCCESS
CASE_04,RIM-SCD-EYE-002,eBay,2026-09-10,1. High Velocity + Low Stock,urgent_replenishment,noul,0.93,1.0,9.646e-06,typesafe/jev-1.13-20260917,SUCCESS
CASE_04,RIM-SCD-EYE-002,eBay,2026-09-10,1. High Velocity + Low Stock,replenishment_risk,score,High,0.99,9.646e-06,typesafe/jev-1.13-20260917,SUCCESS
CASE_04,RIM-SCD-EYE-002,eBay,2026-09-10,1. High Velocity + Low Stock,replenishment_priority,choice,HIGH,1.0,9.646e-06,typesafe/jev-1.13-20260917,SUCCESS
CASE_05,RIM-MSC-SCAND-RL-001,eBay,2026-09-10,2. High Velocity + Healthy Stock,urgent_replenishment,noul,0.07,1.0,9.73e-06,typesafe/jev-1.13-20260917,SUCCESS
CASE_05,RIM-MSC-SCAND-RL-001,eBay,2026-09-10,2. High Velocity + Healthy Stock,replenishment_risk,score,0.13,0.8,9.73e-06,typesafe/jev-1.13-20260917,SUCCESS
CASE_05,RIM-MSC-SCAND-RL-001,eBay,2026-09-10,2. High Velocity + Healthy Stock,replenishment_priority,choice,LOW,0.99,9.73e-06,typesafe/jev-1.13-20260917,SUCCESS
CASE_06,RIM-SUPERGEL-TOPCOAT,Amazon,2026-09-10,2. High Velocity + Healthy Stock,urgent_replenishment,noul,0.09,1.0,9.898e-06,typesafe/jev-1.13-20260917,SUCCESS
CASE_06,RIM-SUPERGEL-TOPCOAT,Amazon,2026-09-10,2. High Velocity + Healthy Stock,replenishment_risk,score,0.33,0.5,9.898e-06,typesafe/jev-1.13-20260917,SUCCESS
CASE_06,RIM-SUPERGEL-TOPCOAT,Amazon,2026-09-10,2. High Velocity + Healthy Stock,replenishment_priority,choice,LOW,0.95,9.898e-06,typesafe/jev-1.13-20260917,SUCCESS
CASE_07,RIM-MSC-ESL-101,eBay,2026-09-10,2. High Velocity + Healthy Stock,urgent_replenishment,noul,0.04,1.0,9.744e-06,typesafe/jev-1.13-20260917,SUCCESS
CASE_07,RIM-MSC-ESL-101,eBay,2026-09-10,2. High Velocity + Healthy Stock,replenishment_risk,score,0.04,0.94,9.744e-06,typesafe/jev-1.13-20260917,SUCCESS
CASE_07,RIM-MSC-ESL-101,eBay,2026-09-10,2. High Velocity + Healthy Stock,replenishment_priority,choice,LOW,1.0,9.744e-06,typesafe/jev-1.13-20260917,SUCCESS
CASE_08,RIM-LF-LS-206,eBay,2026-09-10,2. High Velocity + Healthy Stock,urgent_replenishment,noul,0.05,1.0,9.94e-06,typesafe/jev-1.13-20260917,SUCCESS
CASE_08,RIM-LF-LS-206,eBay,2026-09-10,2. High Velocity + Healthy Stock,replenishment_risk,score,0.24,0.64,9.94e-06,typesafe/jev-1.13-20260917,SUCCESS
CASE_08,RIM-LF-LS-206,eBay,2026-09-10,2. High Velocity + Healthy Stock,replenishment_priority,choice,LOW,0.99,9.94e-06,typesafe/jev-1.13-20260917,SUCCESS
CASE_09,RIM-KF-PWDR-001,Amazon,2026-09-10,3. Medium Velocity + Low Stock,urgent_replenishment,noul,0.15,1.0,9.912000000000001e-06,typesafe/jev-1.13-20260917,SUCCESS
CASE_09,RIM-KF-PWDR-001,Amazon,2026-09-10,3. Medium Velocity + Low Stock,replenishment_risk,score,0.71,0.21,9.912000000000001e-06,typesafe/jev-1.13-20260917,SUCCESS
CASE_09,RIM-KF-PWDR-001,Amazon,2026-09-10,3. Medium Velocity + Low Stock,replenishment_priority,choice,LOW,0.34,9.912000000000001e-06,typesafe/jev-1.13-20260917,SUCCESS
CASE_10,RIM-MAGNIF-PAL-009,Amazon,2026-09-10,3. Medium Velocity + Low Stock,urgent_replenishment,noul,0.88,1.0,9.884e-06,typesafe/jev-1.13-20260917,SUCCESS
CASE_10,RIM-MAGNIF-PAL-009,Amazon,2026-09-10,3. Medium Velocity + Low Stock,replenishment_risk,score,1.99,0.98,9.884e-06,typesafe/jev-1.13-20260917,SUCCESS
CASE_10,RIM-MAGNIF-PAL-009,Amazon,2026-09-10,3. Medium Velocity + Low Stock,replenishment_priority,choice,HIGH,1.0,9.884e-06,typesafe/jev-1.13-20260917,SUCCESS
CASE_11,RIM-BBCREAM-VERYLIGHT,eBay,2026-09-10,3. Medium Velocity + Low Stock,urgent_replenishment,noul,0.49,1.0,9.73e-06,typesafe/jev-1.13-20260917,SUCCESS
CASE_11,RIM-BBCREAM-VERYLIGHT,eBay,2026-09-10,3. Medium Velocity + Low Stock,replenishment_risk,score,1.84,0.76,9.73e-06,typesafe/jev-1.13-20260917,SUCCESS
CASE_11,RIM-BBCREAM-VERYLIGHT,eBay,2026-09-10,3. Medium Velocity + Low Stock,replenishment_priority,choice,HIGH,0.86,9.73e-06,typesafe/jev-1.13-20260917,SUCCESS
CASE_12,RIM-NAIL-SUPERGEL-043,Amazon,2026-09-10,3. Medium Velocity + Low Stock,urgent_replenishment,noul,0.06,1.0,9.884e-06,typesafe/jev-1.13-20260917,SUCCESS
CASE_12,RIM-NAIL-SUPERGEL-043,Amazon,2026-09-10,3. Medium Velocity + Low Stock,replenishment_risk,score,0.25,0.62,9.884e-06,typesafe/jev-1.13-20260917,SUCCESS
CASE_12,RIM-NAIL-SUPERGEL-043,Amazon,2026-09-10,3. Medium Velocity + Low Stock,replenishment_priority,choice,LOW,1.0,9.884e-06,typesafe/jev-1.13-20260917,SUCCESS
CASE_13,RIM-NAIL-60S-902,eBay,2026-09-10,4. Medium Velocity + Healthy Stock,urgent_replenishment,noul,0.03,1.0,9.968e-06,typesafe/jev-1.13-20260917,SUCCESS
CASE_13,RIM-NAIL-60S-902,eBay,2026-09-10,4. Medium Velocity + Healthy Stock,replenishment_risk,score,0.04,0.95,9.968e-06,typesafe/jev-1.13-20260917,SUCCESS
CASE_13,RIM-NAIL-60S-902,eBay,2026-09-10,4. Medium Velocity + Healthy Stock,replenishment_priority,choice,LOW,1.0,9.968e-06,typesafe/jev-1.13-20260917,SUCCESS
CASE_14,RIM-BTW-F&S-002,Amazon,2026-09-10,4. Medium Velocity + Healthy Stock,urgent_replenishment,noul,0.04,1.0,9.926e-06,typesafe/jev-1.13-20260917,SUCCESS
CASE_14,RIM-BTW-F&S-002,Amazon,2026-09-10,4. Medium Velocity + Healthy Stock,replenishment_risk,score,0.07,0.9,9.926e-06,typesafe/jev-1.13-20260917,SUCCESS
CASE_14,RIM-BTW-F&S-002,Amazon,2026-09-10,4. Medium Velocity + Healthy Stock,replenishment_priority,choice,LOW,1.0,9.926e-06,typesafe/jev-1.13-20260917,SUCCESS
CASE_15,RIM-NAIL-SUPERGEL-042,Amazon,2026-09-10,4. Medium Velocity + Healthy Stock,urgent_replenishment,noul,0.05,1.0,9.898e-06,typesafe/jev-1.13-20260917,SUCCESS
CASE_15,RIM-NAIL-SUPERGEL-042,Amazon,2026-09-10,4. Medium Velocity + Healthy Stock,replenishment_risk,score,0.15,0.78,9.898e-06,typesafe/jev-1.13-20260917,SUCCESS
CASE_15,RIM-NAIL-SUPERGEL-042,Amazon,2026-09-10,4. Medium Velocity + Healthy Stock,replenishment_priority,choice,LOW,1.0,9.898e-06,typesafe/jev-1.13-20260917,SUCCESS
CASE_16,RIM-NAIL-60S-900,Amazon,2026-09-10,4. Medium Velocity + Healthy Stock,urgent_replenishment,noul,0.04,1.0,9.898e-06,typesafe/jev-1.13-20260917,SUCCESS
CASE_16,RIM-NAIL-60S-900,Amazon,2026-09-10,4. Medium Velocity + Healthy Stock,replenishment_risk,score,0.07,0.89,9.898e-06,typesafe/jev-1.13-20260917,SUCCESS
CASE_16,RIM-NAIL-60S-900,Amazon,2026-09-10,4. Medium Velocity + Healthy Stock,replenishment_priority,choice,LOW,1.0,9.898e-06,typesafe/jev-1.13-20260917,SUCCESS
CASE_17,RIM-LR-CCLR-EYEILLUM-010,Amazon,2026-09-10,5. Low/Zero Velocity + Stockout,urgent_replenishment,noul,0.4,1.0,1.0052e-05,typesafe/jev-1.13-20260917,SUCCESS
CASE_17,RIM-LR-CCLR-EYEILLUM-010,Amazon,2026-09-10,5. Low/Zero Velocity + Stockout,replenishment_risk,score,1.8,0.7,1.0052e-05,typesafe/jev-1.13-20260917,SUCCESS
CASE_17,RIM-LR-CCLR-EYEILLUM-010,Amazon,2026-09-10,5. Low/Zero Velocity + Stockout,replenishment_priority,choice,HIGH,0.69,1.0052e-05,typesafe/jev-1.13-20260917,SUCCESS
CASE_18,RIM-KATE-NUDE-LS-048,eBay,2026-09-10,5. Low/Zero Velocity + Stockout,urgent_replenishment,noul,0.24,1.0,9.785999999999999e-06,typesafe/jev-1.13-20260917,SUCCESS
CASE_18,RIM-KATE-NUDE-LS-048,eBay,2026-09-10,5. Low/Zero Velocity + Stockout,replenishment_risk,score,1.46,0.18,9.785999999999999e-06,typesafe/jev-1.13-20260917,SUCCESS
CASE_18,RIM-KATE-NUDE-LS-048,eBay,2026-09-10,5. Low/Zero Velocity + Stockout,replenishment_priority,choice,HIGH,0.48,9.785999999999999e-06,typesafe/jev-1.13-20260917,SUCCESS
CASE_19,RIM-SCD-EL-WP-008,Website,2026-09-10,5. Low/Zero Velocity + Stockout,urgent_replenishment,noul,0.34,1.0,9.744e-06,typesafe/jev-1.13-20260917,SUCCESS
CASE_19,RIM-SCD-EL-WP-008,Website,2026-09-10,5. Low/Zero Velocity + Stockout,replenishment_risk,score,1.52,0.29,9.744e-06,typesafe/jev-1.13-20260917,SUCCESS
CASE_19,RIM-SCD-EL-WP-008,Website,2026-09-10,5. Low/Zero Velocity + Stockout,replenishment_priority,choice,HIGH,0.51,9.744e-06,typesafe/jev-1.13-20260917,SUCCESS
CASE_20,RIM-SCD-EYE-001,Other,2026-09-10,6. Low Velocity + High Stock,urgent_replenishment,noul,0.03,1.0,9.73e-06,typesafe/jev-1.13-20260917,SUCCESS
CASE_20,RIM-SCD-EYE-001,Other,2026-09-10,6. Low Velocity + High Stock,replenishment_risk,score,0.04,0.95,9.73e-06,typesafe/jev-1.13-20260917,SUCCESS
CASE_20,RIM-SCD-EYE-001,Other,2026-09-10,6. Low Velocity + High Stock,replenishment_priority,choice,LOW,1.0,9.73e-06,typesafe/jev-1.13-20260917,SUCCESS
CASE_21,RIM-MSC-ELL-003,Website,2026-09-10,6. Low Velocity + High Stock,urgent_replenishment,noul,0.03,1.0,9.688000000000001e-06,typesafe/jev-1.13-20260917,SUCCESS
CASE_21,RIM-MSC-ELL-003,Website,2026-09-10,6. Low Velocity + High Stock,replenishment_risk,score,0.1,0.85,9.688000000000001e-06,typesafe/jev-1.13-20260917,SUCCESS
CASE_21,RIM-MSC-ELL-003,Website,2026-09-10,6. Low Velocity + High Stock,replenishment_priority,choice,LOW,1.0,9.688000000000001e-06,typesafe/jev-1.13-20260917,SUCCESS
CASE_22,RIM-MBP-003,eBay,2026-09-10,6. Low Velocity + High Stock,urgent_replenishment,noul,0.03,1.0,9.758e-06,typesafe/jev-1.13-20260917,SUCCESS
CASE_22,RIM-MBP-003,eBay,2026-09-10,6. Low Velocity + High Stock,replenishment_risk,score,0.07,0.89,9.758e-06,typesafe/jev-1.13-20260917,SUCCESS
CASE_22,RIM-MBP-003,eBay,2026-09-10,6. Low Velocity + High Stock,replenishment_priority,choice,LOW,1.0,9.758e-06,typesafe/jev-1.13-20260917,SUCCESS
CASE_23,RIM-NAIL-60S-312,eBay,2026-09-10,7. Promotion / Traffic Momentum,urgent_replenishment,noul,0.04,1.0,9.954e-06,typesafe/jev-1.13-20260917,SUCCESS
CASE_23,RIM-NAIL-60S-312,eBay,2026-09-10,7. Promotion / Traffic Momentum,replenishment_risk,score,0.05,0.93,9.954e-06,typesafe/jev-1.13-20260917,SUCCESS
CASE_23,RIM-NAIL-60S-312,eBay,2026-09-10,7. Promotion / Traffic Momentum,replenishment_priority,choice,LOW,1.0,9.954e-06,typesafe/jev-1.13-20260917,SUCCESS
CASE_24,RIM-SMPP-003,eBay,2026-09-10,7. Promotion / Traffic Momentum,urgent_replenishment,noul,0.06,1.0,9.996e-06,typesafe/jev-1.13-20260917,SUCCESS
CASE_24,RIM-SMPP-003,eBay,2026-09-10,7. Promotion / Traffic Momentum,replenishment_risk,score,0.03,0.96,9.996e-06,typesafe/jev-1.13-20260917,SUCCESS
CASE_24,RIM-SMPP-003,eBay,2026-09-10,7. Promotion / Traffic Momentum,replenishment_priority,choice,LOW,0.99,9.996e-06,typesafe/jev-1.13-20260917,SUCCESS
CASE_25,RIM-BTW-F&S-001,Amazon,2026-09-10,7. Promotion / Traffic Momentum,urgent_replenishment,noul,0.05,1.0,9.898e-06,typesafe/jev-1.13-20260917,SUCCESS
CASE_25,RIM-BTW-F&S-001,Amazon,2026-09-10,7. Promotion / Traffic Momentum,replenishment_risk,score,0.17,0.74,9.898e-06,typesafe/jev-1.13-20260917,SUCCESS
CASE_25,RIM-BTW-F&S-001,Amazon,2026-09-10,7. Promotion / Traffic Momentum,replenishment_priority,choice,LOW,0.97,9.898e-06,typesafe/jev-1.13-20260917,SUCCESS
CASE_26,RIM-ELP-064,eBay,2026-09-10,8. High Volatility / Erratic,urgent_replenishment,noul,0.03,1.0,9.716e-06,typesafe/jev-1.13-20260917,SUCCESS
CASE_26,RIM-ELP-064,eBay,2026-09-10,8. High Volatility / Erratic,replenishment_risk,score,0.05,0.93,9.716e-06,typesafe/jev-1.13-20260917,SUCCESS
CASE_26,RIM-ELP-064,eBay,2026-09-10,8. High Volatility / Erratic,replenishment_priority,choice,LOW,1.0,9.716e-06,typesafe/jev-1.13-20260917,SUCCESS
CASE_27,RIM-NAIL-60S-271,eBay,2026-09-10,8. High Volatility / Erratic,urgent_replenishment,noul,0.03,1.0,9.744e-06,typesafe/jev-1.13-20260917,SUCCESS
CASE_27,RIM-NAIL-60S-271,eBay,2026-09-10,8. High Volatility / Erratic,replenishment_risk,score,0.07,0.89,9.744e-06,typesafe/jev-1.13-20260917,SUCCESS
CASE_27,RIM-NAIL-60S-271,eBay,2026-09-10,8. High Volatility / Erratic,replenishment_priority,choice,LOW,1.0,9.744e-06,typesafe/jev-1.13-20260917,SUCCESS
CASE_28,RIM-LASTLIP-125,Amazon,2026-09-10,8. High Volatility / Erratic,urgent_replenishment,noul,0.04,1.0,9.926e-06,typesafe/jev-1.13-20260917,SUCCESS
CASE_28,RIM-LASTLIP-125,Amazon,2026-09-10,8. High Volatility / Erratic,replenishment_risk,score,0.07,0.89,9.926e-06,typesafe/jev-1.13-20260917,SUCCESS
CASE_28,RIM-LASTLIP-125,Amazon,2026-09-10,8. High Volatility / Erratic,replenishment_priority,choice,LOW,1.0,9.926e-06,typesafe/jev-1.13-20260917,SUCCESS
