case_id,sku,platform,category,decision_date,stratum,current_stock,v14,days_of_cover,selling_price,jev_urgent_replenishment_prob,jev_replenishment_risk_score,jev_replenishment_risk_label,jev_replenishment_risk_confidence,jev_replenishment_priority_choice,jev_replenishment_priority_confidence,api_cost_usd,input_tokens,output_tokens,model_version,request_timestamp,status
CASE_01,RIM-MSC-ACCEL-BLK,Amazon,Mascara,2026-09-10,1. High Velocity + Low Stock,12.0,2.2142857142857144,5.4,5.49,0.79,1.72,1.72,0.58,HIGH,0.87,2.9358e-05,699,81,typesafe/jev-1.13-20260917,2026-09-28T02:56:39.750359,SUCCESS
CASE_02,RIM-SCD-EYE-002,Amazon,Eyeliner,2026-09-10,1. High Velocity + Low Stock,0.0,8.357142857142858,0.0,4.2,0.95,2.0,High,1.0,HIGH,1.0,2.9358e-05,699,81,typesafe/jev-1.13-20260917,2026-09-28T02:56:41.375799,SUCCESS
CASE_03,RIM-MSC-ACCEL-BLK,eBay,Mascara,2026-09-10,1. High Velocity + Low Stock,12.0,1.2857142857142858,9.3,6.79,0.46,1.37,1.37,0.4,MEDIUM,0.29,2.8938e-05,689,82,typesafe/jev-1.13-20260917,2026-09-28T02:56:42.399885,SUCCESS
CASE_04,RIM-SCD-EYE-002,eBay,Eyeliner,2026-09-10,1. High Velocity + Low Stock,0.0,2.0,0.0,5.7,0.93,2.0,High,0.99,HIGH,1.0,2.8938e-05,689,81,typesafe/jev-1.13-20260917,2026-09-28T02:56:44.036685,SUCCESS
CASE_05,RIM-MSC-SCAND-RL-001,eBay,Mascara,2026-09-10,2. High Velocity + Healthy Stock,129.0,1.5,86.0,5.75,0.07,0.13,0.13,0.8,LOW,0.99,2.919e-05,695,81,typesafe/jev-1.13-20260917,2026-09-28T02:56:45.059468,SUCCESS
CASE_06,RIM-SUPERGEL-TOPCOAT,Amazon,"Base & Top Coat, Nails",2026-09-10,2. High Velocity + Healthy Stock,485.0,3.4285714285714284,141.5,5.51,0.09,0.33,0.33,0.5,LOW,0.95,2.9694e-05,707,81,typesafe/jev-1.13-20260917,2026-09-28T02:56:45.983605,SUCCESS
CASE_07,RIM-MSC-ESL-101,eBay,Mascara,2026-09-10,2. High Velocity + Healthy Stock,2300.0,6.571428571428571,350.0,4.03,0.04,0.04,0.04,0.94,LOW,1.0,2.9232e-05,696,81,typesafe/jev-1.13-20260917,2026-09-28T02:56:47.519750,SUCCESS
CASE_08,RIM-LF-LS-206,eBay,Lipstick,2026-09-10,2. High Velocity + Healthy Stock,390.0,1.0,390.0,5.45,0.05,0.24,0.24,0.64,LOW,0.99,2.982e-05,710,81,typesafe/jev-1.13-20260917,2026-09-28T02:56:49.120666,SUCCESS
CASE_09,RIM-KF-PWDR-001,Amazon,"Complexion, Face Powder, Makeup",2026-09-10,3. Medium Velocity + Low Stock,13.0,0.35714285714285715,36.4,4.97,0.15,0.71,0.71,0.21,LOW,0.34,2.9736e-05,708,81,typesafe/jev-1.13-20260917,2026-09-28T02:56:50.269701,SUCCESS
CASE_10,RIM-MAGNIF-PAL-009,Amazon,"Eyeshadow Palettes, Makeup, Palettes",2026-09-10,3. Medium Velocity + Low Stock,0.0,0.5,0.0,5.58,0.88,1.99,1.99,0.98,HIGH,1.0,2.9652e-05,706,81,typesafe/jev-1.13-20260917,2026-09-28T02:56:51.185648,SUCCESS
CASE_11,RIM-BBCREAM-VERYLIGHT,eBay,"BB & CC Cream, Complexion, Makeup",2026-09-10,3. Medium Velocity + Low Stock,0.0,0.35714285714285715,0.0,7.05,0.49,1.84,1.84,0.76,HIGH,0.86,2.919e-05,695,81,typesafe/jev-1.13-20260917,2026-09-28T02:56:52.125543,SUCCESS
CASE_12,RIM-NAIL-SUPERGEL-043,Amazon,Gel Nail Polish,2026-09-10,3. Medium Velocity + Low Stock,18.0,0.21428571428571427,84.0,5.15,0.06,0.25,0.25,0.62,LOW,1.0,2.9652e-05,706,81,typesafe/jev-1.13-20260917,2026-09-28T02:56:52.955615,SUCCESS
CASE_13,RIM-NAIL-60S-902,eBay,Nail Polish,2026-09-10,4. Medium Velocity + Healthy Stock,530.0,0.5,1060.0,4.95,0.03,0.04,0.04,0.95,LOW,1.0,2.9904e-05,712,81,typesafe/jev-1.13-20260917,2026-09-28T02:56:53.862435,SUCCESS
CASE_14,RIM-BTW-F&S-002,Amazon,"Brow Pencils, Brows, Makeup",2026-09-10,4. Medium Velocity + Healthy Stock,671.0,0.5,1342.0,6.82,0.04,0.07,0.07,0.9,LOW,1.0,2.9778e-05,709,81,typesafe/jev-1.13-20260917,2026-09-28T02:56:55.277891,SUCCESS
CASE_15,RIM-NAIL-SUPERGEL-042,Amazon,Gel Nail Polish,2026-09-10,4. Medium Velocity + Healthy Stock,100.0,0.21428571428571427,466.7,5.44,0.05,0.15,0.15,0.78,LOW,1.0,2.9694e-05,707,81,typesafe/jev-1.13-20260917,2026-09-28T02:56:56.835840,SUCCESS
CASE_16,RIM-NAIL-60S-900,Amazon,Nail Polish,2026-09-10,4. Medium Velocity + Healthy Stock,1814.0,0.35714285714285715,5079.2,4.81,0.04,0.07,0.07,0.89,LOW,1.0,2.9694e-05,707,81,typesafe/jev-1.13-20260917,2026-09-28T02:56:57.849287,SUCCESS
CASE_17,RIM-LR-CCLR-EYEILLUM-010,Amazon,"Complexion, Concealer, Makeup",2026-09-10,5. Low/Zero Velocity + Stockout,0.0,0.0,0.0,7.98,0.4,1.8,1.8,0.7,HIGH,0.69,3.0156e-05,718,81,typesafe/jev-1.13-20260917,2026-09-28T02:56:58.845104,SUCCESS
CASE_18,RIM-KATE-NUDE-LS-048,eBay,Lipstick,2026-09-10,5. Low/Zero Velocity + Stockout,0.0,0.0,0.0,7.99,0.24,1.46,1.46,0.18,HIGH,0.48,2.9358e-05,699,81,typesafe/jev-1.13-20260917,2026-09-28T02:56:59.800699,SUCCESS
CASE_19,RIM-SCD-EL-WP-008,Website,Eyeliner,2026-09-10,5. Low/Zero Velocity + Stockout,0.0,0.0,0.0,3.99,0.34,1.52,1.52,0.29,HIGH,0.51,2.9232e-05,696,81,typesafe/jev-1.13-20260917,2026-09-28T02:57:00.830845,SUCCESS
CASE_20,RIM-SCD-EYE-001,Other,Eyeliner,2026-09-10,6. Low Velocity + High Stock,108.0,0.0,999.0,0.0,0.03,0.04,0.04,0.95,LOW,1.0,2.919e-05,695,81,typesafe/jev-1.13-20260917,2026-09-28T02:57:01.818590,SUCCESS
CASE_21,RIM-MSC-ELL-003,Website,Mascara,2026-09-10,6. Low Velocity + High Stock,2541.0,0.0,999.0,3.49,0.03,0.1,0.1,0.85,LOW,1.0,2.9064e-05,692,81,typesafe/jev-1.13-20260917,2026-09-28T02:57:03.510488,SUCCESS
CASE_22,RIM-MBP-003,eBay,"Brow Pencils, Brows, Makeup",2026-09-10,6. Low Velocity + High Stock,728.0,0.07142857142857142,10192.0,7.29,0.03,0.07,0.07,0.89,LOW,1.0,2.9274e-05,697,81,typesafe/jev-1.13-20260917,2026-09-28T02:57:04.489436,SUCCESS
CASE_23,RIM-NAIL-60S-312,eBay,Nail Polish,2026-09-10,7. Promotion / Traffic Momentum,42.0,0.0,999.0,4.99,0.04,0.05,0.05,0.93,LOW,1.0,2.9862e-05,711,81,typesafe/jev-1.13-20260917,2026-09-28T02:57:05.411257,SUCCESS
CASE_24,RIM-SMPP-003,eBay,"Complexion, Face Powder, Makeup",2026-09-10,7. Promotion / Traffic Momentum,573.0,4.357142857142857,131.5,4.15,0.06,0.03,0.03,0.96,LOW,0.99,2.9988e-05,714,81,typesafe/jev-1.13-20260917,2026-09-28T02:57:06.356408,SUCCESS
CASE_25,RIM-BTW-F&S-001,Amazon,"Brow Pencils, Brows, Makeup",2026-09-10,7. Promotion / Traffic Momentum,43.0,0.07142857142857142,602.0,5.39,0.05,0.17,0.17,0.74,LOW,0.97,2.9694e-05,707,81,typesafe/jev-1.13-20260917,2026-09-28T02:57:07.206380,SUCCESS
CASE_26,RIM-ELP-064,eBay,Eyeliner,2026-09-10,8. High Volatility / Erratic,3882.0,0.42857142857142855,9058.0,3.49,0.03,0.05,0.05,0.93,LOW,1.0,2.9148e-05,694,81,typesafe/jev-1.13-20260917,2026-09-28T02:57:08.100883,SUCCESS
CASE_27,RIM-NAIL-60S-271,eBay,Nail Polish,2026-09-10,8. High Volatility / Erratic,670.0,0.2857142857142857,2345.0,4.85,0.03,0.07,0.07,0.89,LOW,1.0,2.9232e-05,696,81,typesafe/jev-1.13-20260917,2026-09-28T02:57:09.027379,SUCCESS
CASE_28,RIM-LASTLIP-125,Amazon,"Lip Pencil, Lips, Makeup",2026-09-10,8. High Volatility / Erratic,964.0,0.5,1928.0,3.875,0.04,0.07,0.07,0.89,LOW,1.0,2.9778e-05,709,81,typesafe/jev-1.13-20260917,2026-09-28T02:57:10.042716,SUCCESS
