warning_id,warning_name,canonical_sku,platform_group,historical_v30,v7,v14,v30,v90,cv_30,lag_1,recent_trend_v7_v30,actual_next_period_demand_10d,model_prediction_10d,absolute_error,relative_error,wape_contribution_pct
DEM-02,Long Zero-Demand Period,RIM-NAIL-60S-230,Amazon,0.0,0.0,0.0,0.0,0.0,,0.0,0.0,1,0,1,-100.0%,0.048
DEM-02,Long Zero-Demand Period,RIM-BTWEYEBROW-005,Amazon,0.0,0.0,0.0,0.0,0.0,,0.0,0.0,0,0,0,N/A (act=0),0.0
DEM-02,Long Zero-Demand Period,RIM-BTWEYEBROW-003,Amazon,0.0,0.0,0.0,0.0,0.0,,0.0,0.0,0,0,0,N/A (act=0),0.0
DEM-02,Long Zero-Demand Period,RIM-BTWEYEBROW-006,Amazon,0.0,0.0,0.0,0.0,0.0,,0.0,0.0,0,0,0,N/A (act=0),0.0
DEM-02,Long Zero-Demand Period,RIM-EXAG-EYEL-003-WP,Amazon,0.0,0.0,0.0,0.0,0.0,,0.0,0.0,0,0,0,N/A (act=0),0.0
DEM-03,Isolated Sale after Zero Period,RIM-SCD-EYE-005,eBay,0.1,0.429,0.214,0.1,0.033,5.477,3.0,4.29,2,0,2,-100.0%,0.097
DEM-03,Isolated Sale after Zero Period,RIM-MSC-THRILLSEEKER-BLKBRWN,eBay,0.1,0.143,0.071,0.1,0.033,4.026,0.0,1.43,2,0,2,-100.0%,0.097
DEM-03,Isolated Sale after Zero Period,RIM-NAIL-60S-498,Amazon,0.033,0.143,0.071,0.033,0.022,5.477,0.0,4.29,1,0,1,-100.0%,0.048
DEM-03,Isolated Sale after Zero Period,RIM-MSC-ESL-101-3PK,eBay,0.067,0.143,0.143,0.067,0.044,3.806,0.0,2.14,1,0,1,-100.0%,0.048
DEM-03,Isolated Sale after Zero Period,RIM-FDT-MATCH-203,eBay,0.1,0.143,0.071,0.1,0.044,4.026,0.0,1.43,1,0,1,-100.0%,0.048
DEM-04,Sudden 10x Demand Spike,RIM-SCD-EYE-002,Amazon,5.667,16.429,11.643,5.667,1.889,1.285,12.0,2.9,37,37,0,0.0%,0.0
DEM-04,Sudden 10x Demand Spike,RIM-SCD-EYE-003,eBay,0.867,2.286,1.714,0.867,0.289,2.071,2.0,2.64,27,25,2,-7.4%,0.097
DEM-04,Sudden 10x Demand Spike,RIM-MSC-SCAND-VOD-001,Amazon,0.733,0.857,0.5,0.733,2.678,1.517,4.0,1.17,23,20,3,-13.0%,0.145
DEM-04,Sudden 10x Demand Spike,RIM-MSC-ACCEL-BLK,Amazon,0.867,2.714,1.714,0.867,0.378,1.652,4.0,3.13,18,25,7,38.9%,0.338
DEM-04,Sudden 10x Demand Spike,RIM-ELP-064,Amazon,0.633,2.0,1.143,0.633,2.544,1.966,2.0,3.16,15,19,4,26.7%,0.193
DEM-10,Stable High-Volume SKU,RIM-EBP-DRKBRW,Amazon,12.967,21.0,16.5,12.967,19.989,0.623,17.0,1.62,147,153,6,4.1%,0.29
DEM-10,Stable High-Volume SKU,RIM-MSC-ESL-101,eBay,5.867,5.857,5.714,5.867,6.756,0.546,4.0,1.0,69,59,10,-14.5%,0.483
DEM-10,Stable High-Volume SKU,RIM-MSC-ELL-003,eBay,8.067,8.857,8.643,8.067,7.211,0.361,5.0,1.1,65,62,3,-4.6%,0.145
DEM-10,Stable High-Volume SKU,RIM-MSC-E3DL-003,eBay,6.867,8.714,7.857,6.867,6.211,0.536,5.0,1.27,63,75,12,19.0%,0.58
DEM-10,Stable High-Volume SKU,RIM-SMPP-005,eBay,4.867,6.0,6.214,4.867,5.367,0.761,7.0,1.23,53,57,4,7.5%,0.193
DEM-15,Extremely High-Volume SKU,RIM-EBP-DRKBRW,Amazon,12.967,21.0,16.5,12.967,19.989,0.623,17.0,1.62,147,153,6,4.1%,0.29
DEM-16,Extremely Low-Volume SKU,RIM-NAIL-SUPERGEL-042,eBay,0.033,0.0,0.071,0.033,0.033,5.477,0.0,0.0,4,0,4,-100.0%,0.193
DEM-16,Extremely Low-Volume SKU,RIM-OMG-LIP-160,eBay,0.033,0.0,0.071,0.033,0.011,5.477,0.0,0.0,3,0,3,-100.0%,0.145
DEM-16,Extremely Low-Volume SKU,RIM-SCD-EYE-006-2PK,eBay,0.033,0.0,0.071,0.033,0.044,5.477,0.0,0.0,2,0,2,-100.0%,0.097
DEM-16,Extremely Low-Volume SKU,RIM-LASTLIP-760,Website,0.033,0.0,0.0,0.033,0.022,5.477,0.0,0.0,1,0,1,-100.0%,0.048
DEM-16,Extremely Low-Volume SKU,RIM-NAIL-SUPERGEL-083,eBay,0.033,0.0,0.0,0.033,0.044,5.477,0.0,0.0,1,0,1,-100.0%,0.048
DEM-18,Repeated Small Transactions,RIM-MSC-SCAND-VOD-001,Amazon,0.733,0.857,0.5,0.733,2.678,1.517,4.0,1.17,23,20,3,-13.0%,0.145
DEM-18,Repeated Small Transactions,RIM-SCD-EYE-002,eBay,0.933,1.714,1.786,0.933,0.311,1.487,3.0,1.84,21,9,12,-57.1%,0.58
DEM-18,Repeated Small Transactions,RIM-BTW-BSK-MEDBRW,eBay,1.2,1.286,1.357,1.2,0.833,1.059,1.0,1.07,15,13,2,-13.3%,0.097
DEM-18,Repeated Small Transactions,RIM-HTB-105,eBay,1.233,1.571,1.643,1.233,1.467,1.199,0.0,1.27,15,11,4,-26.7%,0.193
DEM-18,Repeated Small Transactions,RIM-LF-LS-084,eBay,1.3,1.714,1.357,1.3,0.611,1.215,1.0,1.32,14,10,4,-28.6%,0.193
